DATA TIMESTAMP,TEMPERATURE AVG C,RAINFALL 24H MM,SUNSHINE 24H H,REL HUMIDITY AVG PC,WIND SPEED 24H MEAN MS
2021-05-01 00:00:00,29.566,0,6.6,79.76,3.6
2021-05-02 00:00:00,29.173,0,7.8,77.18,3.4
2021-05-03 00:00:00,29.21,0,7.4,82.41,3.7
2021-05-04 00:00:00,29.294,0,5.5,83.58,3.9
2021-05-05 00:00:00,29.479,0,7.6,76.97,3.7
2021-05-06 00:00:00,29.176,3.1,7.6,79.12,4.1
2021-05-07 00:00:00,29.033,3.4,7,83.1,3.7
2021-05-08 00:00:00,29.03,0,6.5,82.27,4.1
2021-05-09 00:00:00,28.274,0,6.7,83.18,4.1
2021-05-10 00:00:00,29.159,0,7.2,81.11,3.9
2021-05-11 00:00:00,28.088,0,7,85.34,3.8
2021-05-12 00:00:00,28.36,0,7.5,84.87,4
2021-05-13 00:00:00,29.379,3.8,8.1,82.77,4.1
2021-05-14 00:00:00,29.094,0,6.7,85.03,4.7
2021-05-15 00:00:00,29.46,0,6.7,82.94,4.3
2021-05-16 00:00:00,28.803,0,7.8,79.15,4.3
2021-05-17 00:00:00,28.317,18.1,7.7,81.74,5.1
2021-05-18 00:00:00,28.86,0,7.1,77.98,4.2
2021-05-19 00:00:00,28.868,0,7.8,82.18,4.2
2021-05-20 00:00:00,28.951,7.5,8.2,79.54,4.2
2021-05-21 00:00:00,29.446,0,8.6,78.98,3.6
2021-05-22 00:00:00,28.821,0,9.1,77.63,3.8
2021-05-23 00:00:00,28.974,0,6.3,82.4,3.8
2021-05-24 00:00:00,28.486,0,7.3,79.1,4.2
2021-05-25 00:00:00,29.148,0,7.4,78.69,3.9
2021-05-26 00:00:00,28.925,2.9,7.2,79.27,4
2021-05-27 00:00:00,28.49,10.1,6.4,81.99,4.4
2021-05-28 00:00:00,28.714,5.8,5.7,82.18,4.3
2021-05-29 00:00:00,28.707,0,7,82.98,3.9
2021-05-30 00:00:00,28.64,13.3,6.1,83.76,3.8
2021-05-31 00:00:00,29.38,0,6.4,88.8,4.4
2021-06-01 00:00:00,28.733,6.5,6.1,83.18,4.3
2021-06-02 00:00:00,28.649,10.1,5.8,83.65,3.4
2021-06-03 00:00:00,27.815,0,7,83.57,3.9
2021-06-04 00:00:00,28.208,0,6.5,87.74,4
2021-06-05 00:00:00,8888,0,6.7,89.52,4.2
2021-06-06 00:00:00,28.328,0,8.4,86.79,4.3
2021-06-07 00:00:00,29.31,0,6.8,85.23,4
2021-06-08 00:00:00,28.604,0,7,85.4,4.1
2021-06-09 00:00:00,29.125,0,5.2,89.07,4
2021-06-10 00:00:00,28.566,9.1,5,89.17,3.7
2021-06-11 00:00:00,28.577,0,7.6,88.42,3.8
2021-06-12 00:00:00,28.633,26.6,5.6,85.05,3.9
2021-06-13 00:00:00,28.606,15.1,5.4,86.87,3.9
2021-06-14 00:00:00,29.4,0,6.3,86.1,3.2
2021-06-15 00:00:00,27.586,0,6.3,85.84,3.7
2021-06-16 00:00:00,27.685,0,5.4,86.96,3.9
2021-06-17 00:00:00,28.409,32.6,6.1,84.85,3.7
2021-06-18 00:00:00,28.629,0,7.4,85.55,3.7
2021-06-19 00:00:00,28.993,0,5.7,83.66,4
2021-06-20 00:00:00,28.879,46.9,5.2,83.95,3.4
2021-06-21 00:00:00,28.462,0,7.2,84.65,3.2
2021-06-22 00:00:00,29.271,11.7,7.2,79.39,3.6
2021-06-23 00:00:00,29.166,5.4,6,82.33,4
2021-06-24 00:00:00,28.783,0,5.1,82.18,4.3
2021-06-25 00:00:00,29.129,0,5.8,82.11,4
2021-06-26 00:00:00,28.763,0,6.3,83.47,3.2
2021-06-27 00:00:00,28.205,25.9,6.9,88.45,3.6
2021-06-28 00:00:00,28.949,0,5.4,83.18,3.7
2021-06-29 00:00:00,28.492,18.8,5.8,88.44,3.7
2021-06-30 00:00:00,28.642,0,9999,82.52,3.8
2021-07-01 00:00:00,29.153,22.5,3.8,86.59,3.3
2021-07-02 00:00:00,27.311,13.3,6.7,88.51,3.6
2021-07-03 00:00:00,27.709,0,4.5,90.18,3.7
2021-07-04 00:00:00,27.774,13.2,5.8,91.03,3.8
2021-07-05 00:00:00,28.112,0,5.6,91.68,3.2
2021-07-06 00:00:00,28.241,5.6,6.6,89.14,3.4
2021-07-07 00:00:00,27.67,0,6.1,89.05,2.5
2021-07-08 00:00:00,27.778,0,3.2,92.41,3.2
2021-07-09 00:00:00,27.918,0,4.8,89.72,3.2
2021-07-10 00:00:00,29.503,19.8,5.9,86.81,3
2021-07-11 00:00:00,29.196,0,5.6,86.85,3.4
2021-07-12 00:00:00,28.185,0,6.1,86.97,3.3
2021-07-13 00:00:00,28.09,12.2,6.1,90.02,2.5
2021-07-14 00:00:00,27.776,32.1,6.1,88.58,3.4
2021-07-15 00:00:00,27.396,0,5.2,89.37,3
2021-07-16 00:00:00,28.309,8.8,4,86,3.4
2021-07-17 00:00:00,27.869,0,5.2,86.9,2.8
2021-07-18 00:00:00,28.246,0,5.9,87.57,3.2
2021-07-19 00:00:00,27.649,19.6,4.8,84.8,3.1
2021-07-20 00:00:00,27.96,0,6.2,86.37,3.3
2021-07-21 00:00:00,28.464,0,6.7,83.35,3.2
2021-07-22 00:00:00,28.527,8.6,5.9,83.99,3.1
2021-07-23 00:00:00,28.539,0,3,83.97,2.6
2021-07-24 00:00:00,27.811,51,4.7,82.09,2.6
2021-07-25 00:00:00,28.621,0,7.2,86.57,2.9
2021-07-26 00:00:00,27.934,0,5.1,84.56,3.1
2021-07-27 00:00:00,28.508,13.3,3.7,86.24,2.9
2021-07-28 00:00:00,28.145,0,6.4,87.97,3.3
2021-07-29 00:00:00,27.5,16.4,5.2,88.49,2.9
2021-07-30 00:00:00,27.923,0,6.1,89.66,2.7
2021-07-31 00:00:00,28.262,9.4,5.4,88.38,2.9
2021-08-01 00:00:00,28.368,0,5.6,88.16,3.1
2021-08-02 00:00:00,27.967,0,5.4,89.56,3.1
2021-08-03 00:00:00,28.831,0,6,86,3.6
2021-08-04 00:00:00,28.549,0,7.3,86.96,2.7
2021-08-05 00:00:00,27.947,0,6.1,87.52,2.9
2021-08-06 00:00:00,28.354,0,3.7,88.45,3.1
2021-08-07 00:00:00,28.752,0,5.1,91.92,2.9
2021-08-08 00:00:00,28.87,54.5,6.1,88.51,2.7
2021-08-09 00:00:00,27.385,0,6,89.55,2.3
2021-08-10 00:00:00,27.375,0,4.2,93.35,2.7
2021-08-11 00:00:00,28.608,0,6,88.72,2.5
2021-08-12 00:00:00,27.375,0,5.6,90.88,2.2
2021-08-13 00:00:00,27.41,0,7.5,86.08,2.6
2021-08-14 00:00:00,27.733,7.4,4.4,87.24,2.5
2021-08-15 00:00:00,28.215,20.7,4.8,84.72,3
2021-08-16 00:00:00,27.935,0,4.9,85.61,3
2021-08-17 00:00:00,27.592,0,4.5,87.97,2.5
2021-08-18 00:00:00,27.81,5.5,4.7,81.04,2.7
2021-08-19 00:00:00,27.605,9.7,2.6,86.03,2.2
2021-08-20 00:00:00,27.544,0,4.7,85.23,2.6
2021-08-21 00:00:00,29.031,0,5.7,82.97,2.9
2021-08-22 00:00:00,28.201,0,5.1,80.78,3.1
2021-08-23 00:00:00,28.317,0,6.9,84.65,2.6
2021-08-24 00:00:00,27.73,0,5.3,83.34,3.2
2021-08-25 00:00:00,27.776,0,6.2,85.55,2.3
2021-08-26 00:00:00,27.529,29.2,5.3,85.43,2.4
2021-08-27 00:00:00,26.488,0,5.4,89.85,3.1
2021-08-28 00:00:00,27.19,34.5,5.2,85.78,3.4
2021-08-29 00:00:00,27.031,8888,6.3,84.37,3
2021-08-30 00:00:00,26.695,0,4.8,87.92,2.8
2021-08-31 00:00:00,27.135,0,5.1,88.55,2
2021-09-01 00:00:00,28.139,5.2,4.7,91.86,2.1
2021-09-02 00:00:00,27.542,0,4.2,90.93,2.9
2021-09-03 00:00:00,28.161,0,4.9,90.02,2.7
2021-09-04 00:00:00,27.649,3.3,6.3,92.96,2.5
2021-09-05 00:00:00,28.033,20.9,4.6,86.37,2.9
2021-09-06 00:00:00,27.218,11,5.1,87.65,2.9
2021-09-07 00:00:00,27.879,0,5.9,86.71,3.2
2021-09-08 00:00:00,27.923,0,5.7,87.7,2.9
2021-09-09 00:00:00,27.425,0,4.9,84.77,3.3
2021-09-10 00:00:00,27.767,9.4,2.4,89.24,2.9
2021-09-11 00:00:00,27.854,0,5.2,86.45,2.9
2021-09-12 00:00:00,27.473,0,3.1,82.63,3.3
2021-09-13 00:00:00,27.188,0,6.4,83.04,2.6
2021-09-14 00:00:00,27.057,10.8,5,85.63,3.9
2021-09-15 00:00:00,27.595,0,5.6,86.24,3.1
2021-09-16 00:00:00,27.612,63.8,3.7,88.48,3.1
2021-09-17 00:00:00,27.036,0,3,90.19,3.2
2021-09-18 00:00:00,27.628,26.4,5.2,83.46,3.7
2021-09-19 00:00:00,27.996,6.9,5.3,79.58,3.3
2021-09-20 00:00:00,28.114,13.9,5.1,76.48,2.5
2021-09-21 00:00:00,28.317,0,5.1,82.36,3.6
2021-09-22 00:00:00,28.275,0,7.8,79.66,3
2021-09-23 00:00:00,27.199,15.3,5.9,80.79,3.1
2021-09-24 00:00:00,28.404,0,6.1,80.54,2.7
2021-09-25 00:00:00,27.343,0.9,5.8,82.06,3.3
2021-09-26 00:00:00,27.921,4.5,6.1,85.49,2.9
2021-09-27 00:00:00,27.533,0,4.7,83.69,3.2
2021-09-28 00:00:00,27.316,22.4,3.1,83.39,3.1
2021-09-29 00:00:00,26.737,3.9,4.9,81.69,3.9
2021-09-30 00:00:00,27.502,4,5.9,80.56,3.9
2021-10-01 00:00:00,26.748,12.5,4,83.94,3.3
2021-10-02 00:00:00,27.826,0,4.6,85.35,3.3
2021-10-03 00:00:00,27.895,5.3,3.7,90.14,3.2
2021-10-04 00:00:00,26.983,6.9,6,86.16,3.7
2021-10-05 00:00:00,27.393,0,5.1,88.28,3.2
2021-10-06 00:00:00,27.055,0,5.4,84.43,3.2
2021-10-07 00:00:00,27.159,23.7,5.6,82.45,3.7
2021-10-08 00:00:00,27.775,9,5,82.6,3.2
2021-10-09 00:00:00,27.397,0,5.2,82.69,3.4
2021-10-10 00:00:00,27.96,0,3.3,89.21,2.9
2021-10-11 00:00:00,27.233,0,3.2,81.15,3.7
2021-10-12 00:00:00,27.772,7.3,4.9,84.55,4.2
2021-10-13 00:00:00,27.537,2.6,5.6,79.43,3.8
2021-10-14 00:00:00,27.709,0,6,83.24,4
2021-10-15 00:00:00,27.215,0,6.5,81.13,3.2
2021-10-16 00:00:00,27.458,0,6.7,79.09,3.6
2021-10-17 00:00:00,27.432,22.5,4.5,78.76,3.3
2021-10-18 00:00:00,27.172,0,5.2,76.7,3.5
2021-10-19 00:00:00,27.756,3.3,5.8,79.05,3.9
2021-10-20 00:00:00,27.832,0,7.8,76.51,3.7
2021-10-21 00:00:00,27.872,0,7.1,74.44,3.2
2021-10-22 00:00:00,28.296,0,6.8,74.28,3.2
2021-10-23 00:00:00,28.119,16.7,5.1,78.01,3.2
2021-10-24 00:00:00,27.161,0,4.3,81.74,3.9
2021-10-25 00:00:00,27.605,0,6.1,78.51,4.5
2021-10-26 00:00:00,27.161,0,4.5,78.2,4.2
2021-10-27 00:00:00,27.395,0,5.1,79.65,3.1
2021-10-28 00:00:00,27.003,0,5,82.67,4.3
2021-10-29 00:00:00,28.076,17.6,6.7,80.42,4.1
2021-10-30 00:00:00,27.545,12,5.1,79.29,3.3
2021-10-31 00:00:00,27.132,13.7,2.8,83.47,3.7
2021-11-01 00:00:00,27.811,6.6,5.6,82.09,4.2
2021-11-02 00:00:00,26.188,10.8,4.3,85.07,4.1
2021-11-03 00:00:00,26.369,0,5.2,81.79,3.4
2021-11-04 00:00:00,27.753,20.2,5.4,78.25,4.1
2021-11-05 00:00:00,27.436,6.6,5.3,77.73,3.1
2021-11-06 00:00:00,27.264,2.9,5.6,85,3.8
2021-11-07 00:00:00,26.559,11.3,3.6,84.77,4.3
2021-11-08 00:00:00,27.327,0,5,79.49,3.9
2021-11-09 00:00:00,28.276,0,6.2,78.36,3.8
2021-11-10 00:00:00,27.605,9.2,4.7,82.28,4.3
2021-11-11 00:00:00,27.559,0,4.4,75.11,4.3
2021-11-12 00:00:00,27.292,0,6.5,74.86,4.4
2021-11-13 00:00:00,27.202,0,6.7,77.93,4.3
2021-11-14 00:00:00,26.537,0,5.9,74.59,4.4
2021-11-15 00:00:00,27.6,0,4.2,74.87,4.2
2021-11-16 00:00:00,27.898,0,6.7,73.86,4.1
2021-11-17 00:00:00,26.782,0,4.5,74.6,4
2021-11-18 00:00:00,27.113,0,6.1,76.87,3.9
2021-11-19 00:00:00,27.014,0,5.3,73.3,3.6
2021-11-20 00:00:00,27.057,22.7,5,74.54,3.7
2021-11-21 00:00:00,27.752,0,6.3,67.79,3.9
2021-11-22 00:00:00,26.611,0,6.1,72.9,4.1
2021-11-23 00:00:00,27.887,0,5.8,71.14,4.5
2021-11-24 00:00:00,27.972,0,7,70.53,4
2021-11-25 00:00:00,27.477,0,6,71.78,4.3
2021-11-26 00:00:00,26.411,0,7.1,73.6,4.4
2021-11-27 00:00:00,26.954,0,6.2,8888,3.9
2021-11-28 00:00:00,28.138,0,5.8,72.09,4.2
2021-11-29 00:00:00,26.2,0,5.3,75.94,3.9
2021-11-30 00:00:00,27.326,0,4.7,75.06,4.4
2021-12-01 00:00:00,26.928,0,6.4,75.79,4.2
2021-12-02 00:00:00,27.699,0,5.5,79.35,3.5
2021-12-03 00:00:00,27.072,9.1,3.8,78.31,4
2021-12-04 00:00:00,27.491,17.8,5.3,80.31,4.5
2021-12-05 00:00:00,27.702,13,5.3,76.45,3.9
2021-12-06 00:00:00,28.334,0,7.7,74.84,4.1
2021-12-07 00:00:00,27.392,18.4,4.7,75.64,4.1
2021-12-08 00:00:00,27.632,0,4.9,76.32,3.5
2021-12-09 00:00:00,26.825,0,7.3,75.56,4.1
2021-12-10 00:00:00,28.167,0,7.8,71.75,3.4
2021-12-11 00:00:00,27.216,0,5.8,73.97,3.7
2021-12-12 00:00:00,27.324,0,5.9,73.58,4.2
2021-12-13 00:00:00,27.397,0,6.6,78.56,4
2021-12-14 00:00:00,26.79,10,4.2,76.25,3.7
2021-12-15 00:00:00,27.864,0,5.3,68.77,4
2021-12-16 00:00:00,28.172,0,6.7,69.61,3.8
2021-12-17 00:00:00,27.994,0,8.6,66.19,3.8
2021-12-18 00:00:00,27.09,14.7,6.7,68.02,4
2021-12-19 00:00:00,27.684,0,7,70.05,3.5
2021-12-20 00:00:00,28.006,0,7.8,72.17,3.7
2021-12-21 00:00:00,27.002,0,9.1,67.37,3.6
2021-12-22 00:00:00,27.358,0,6.7,67.71,3.1
2021-12-23 00:00:00,28.364,2.3,7.5,64.25,3.4
2021-12-24 00:00:00,27.912,0,8.7,69.59,4.2
2021-12-25 00:00:00,28.046,0,5.9,67.79,3.8
2021-12-26 00:00:00,28.641,0,8,69.63,3.2
2021-12-27 00:00:00,28.034,0,6.3,69.3,3.1
2021-12-28 00:00:00,28.04,0,7.1,71.79,3.5
2021-12-29 00:00:00,29.1,0,7.1,68.15,4.1
2021-12-30 00:00:00,27.751,0,6.4,69.34,3.5
2021-12-31 00:00:00,27.168,0,5.5,78.72,4
2022-01-01 00:00:00,28.017,0,7.4,70.47,3.6
2022-01-02 00:00:00,28.008,0,8,71.13,3.6
2022-01-03 00:00:00,27.324,0,6.4,78.52,3
2022-01-04 00:00:00,27.015,0,6.3,81.13,3.8
2022-01-05 00:00:00,28.892,1,7.7,70.74,3.3
2022-01-06 00:00:00,27.95,7.9,6.2,72.43,3.7
2022-01-07 00:00:00,27.437,0,7.7,73.77,3.1
2022-01-08 00:00:00,28.085,1.8,7.5,76.72,3.4
2022-01-09 00:00:00,27.893,0,9.8,69.33,3.5
2022-01-10 00:00:00,27.796,0,7,70.53,3.3
2022-01-11 00:00:00,28.108,0,6.8,72.42,3.4
2022-01-12 00:00:00,27.338,4.2,8.1,70.89,3.2
2022-01-13 00:00:00,28.182,10.6,8.4,68.22,3
2022-01-14 00:00:00,28.894,0,7.2,68.24,3.8
2022-01-15 00:00:00,28.381,0,7.6,64.63,3.6
2022-01-16 00:00:00,27.928,0,8.3,67.06,2.9
2022-01-17 00:00:00,27.893,83.7,7.1,66.7,3.4
2022-01-18 00:00:00,27.91,0,7.4,67.79,2.9
2022-01-19 00:00:00,28.062,0,8,65.79,2.7
2022-01-20 00:00:00,27.924,0,8.6,68.46,3.5
2022-01-21 00:00:00,28.463,0,7.1,70.04,2.5
2022-01-22 00:00:00,27.346,0,6.1,68.24,3.4
2022-01-23 00:00:00,28.493,0,6,69.18,3
2022-01-24 00:00:00,27.954,0,6.6,68.96,3
2022-01-25 00:00:00,28.291,0,6.6,69.41,3.2
2022-01-26 00:00:00,27.669,11.5,7.7,68.22,3.2
2022-01-27 00:00:00,28.674,0,6.5,71.43,2.7
2022-01-28 00:00:00,28.665,0,7,70.98,3.2
2022-01-29 00:00:00,28.338,0,6.5,77,3
2022-01-30 00:00:00,27.267,0,6.8,76.16,2.5
2022-01-31 00:00:00,28.425,0,8.7,73.56,2.9
2022-02-01 00:00:00,28.339,0,8.3,70.95,3.4
2022-02-02 00:00:00,27.473,0,7.8,70.22,3.5
2022-02-03 00:00:00,27.996,0,6.9,75.98,3.2
2022-02-04 00:00:00,28.269,0,7.2,73.54,2.5
2022-02-05 00:00:00,28.358,21.6,7.9,73.85,3.1
2022-02-06 00:00:00,28.408,0,8.6,67.93,3.2
2022-02-07 00:00:00,28.254,0,6.8,74.17,3.1
2022-02-08 00:00:00,28.859,0,7.8,72.47,3.1
2022-02-09 00:00:00,28.918,10.3,6.3,67.98,3
2022-02-10 00:00:00,27.055,0,8.3,68.98,2.8
2022-02-11 00:00:00,28.172,12.7,8.7,70.23,2.6
2022-02-12 00:00:00,28.293,27.6,7.9,69.14,2.2
2022-02-13 00:00:00,27.64,0,9.9,67.77,2.9
2022-02-14 00:00:00,28.483,7.2,7.5,67.81,2.9
2022-02-15 00:00:00,29.041,0,8.5,67.11,3
2022-02-16 00:00:00,27.976,0,8.2,67.91,2.3
2022-02-17 00:00:00,28.517,0,7.9,71.13,3
2022-02-18 00:00:00,28.319,0,8.8,61.08,3.5
2022-02-19 00:00:00,28.232,0,8.5,67.09,2.8
2022-02-20 00:00:00,29.166,0,9.1,68.43,2.8
2022-02-21 00:00:00,28.246,0,9.5,69.15,2.9
2022-02-22 00:00:00,28.752,0,8.4,68.01,3.5
2022-02-23 00:00:00,27.816,0,9.4,65.15,2.4
2022-02-24 00:00:00,29.304,0,7.5,71.02,2.9
2022-02-25 00:00:00,28.604,7.7,8.4,75.21,2.5
2022-02-26 00:00:00,28.526,0,7.8,67.75,2.6
2022-02-27 00:00:00,28.647,0,8.8,74.41,2.8
2022-02-28 00:00:00,27.85,10.3,10.1,72.04,3.3
2022-03-01 00:00:00,28.988,0,7.9,73.25,3.5
2022-03-02 00:00:00,28.395,0,6.2,71.22,3
2022-03-03 00:00:00,28.388,0,7.5,73.35,2.7
2022-03-04 00:00:00,28.122,3,8.7,77.65,3.7
2022-03-05 00:00:00,28.155,17.9,8.3,75.94,2.7
2022-03-06 00:00:00,28.643,0,7.8,78.77,2.7
2022-03-07 00:00:00,28.513,0,8.6,77.22,2.3
2022-03-08 00:00:00,28.779,0,8.3,75.1,3.4
2022-03-09 00:00:00,28.394,0,8.7,77.98,3.2
2022-03-10 00:00:00,28.772,12.9,8.8,74.27,3.8
2022-03-11 00:00:00,28.349,78.1,9.3,74.75,2.4
2022-03-12 00:00:00,29.671,0,8.6,71.41,3.5
2022-03-13 00:00:00,27.961,0,9.1,71.8,3
2022-03-14 00:00:00,29.331,0,8.2,69.39,3.3
2022-03-15 00:00:00,29.26,0,7.6,73.17,2.4
2022-03-16 00:00:00,28.475,0,10.2,67.4,3.5
2022-03-17 00:00:00,29.712,0,8.4,72.04,3.3
2022-03-18 00:00:00,29.26,0,9.2,69.46,3
2022-03-19 00:00:00,29.143,0,8.3,72.85,3.3
2022-03-20 00:00:00,28.763,0,7.8,71.91,2.8
2022-03-21 00:00:00,28.563,0,8,74.83,2.9
2022-03-22 00:00:00,28.661,0,9.5,72.48,2.9
2022-03-23 00:00:00,29.127,0,9.2,67.22,2.5
2022-03-24 00:00:00,29.441,7.4,6.8,71.57,3.4
2022-03-25 00:00:00,28.977,0,8.3,69.47,3.6
2022-03-26 00:00:00,28.415,0,9.9,71.83,2.9
2022-03-27 00:00:00,29.004,0,7.6,77.65,9999
2022-03-28 00:00:00,29.109,0,6.3,76.22,3.1
2022-03-29 00:00:00,29.091,0,9.9,73.6,3.3
2022-03-30 00:00:00,29.147,0,8.8,73.49,3
2022-03-31 00:00:00,28.588,0,7.8,76.7,3
2022-04-01 00:00:00,28.394,0,7.8,74.08,3.7
2022-04-02 00:00:00,28.371,0,9,75.84,3.3
2022-04-03 00:00:00,27.941,0,7.3,78.56,4
2022-04-04 00:00:00,28.715,19.2,8.6,80.81,3.4
2022-04-05 00:00:00,28.629,0,8.2,79.45,3.1
2022-04-06 00:00:00,28.736,0,8.6,72.08,3.8
2022-04-07 00:00:00,27.395,0,7.9,78.34,3.6
2022-04-08 00:00:00,28.205,0,7.7,77.44,3.7
2022-04-09 00:00:00,29.264,0,8.8,77.89,3.9
2022-04-10 00:00:00,28.38,0,6.8,80.45,3.3
2022-04-11 00:00:00,29.189,0,7,70.77,3.5
2022-04-12 00:00:00,28.298,0,8.7,73.97,3.5
2022-04-13 00:00:00,29.492,0,8.5,76.48,3.1
2022-04-14 00:00:00,28.993,2.6,8.9,70.65,3.5
2022-04-15 00:00:00,28.94,33.5,8.2,77.98,4.1
2022-04-16 00:00:00,29.969,1.2,7.8,74.99,3.7
2022-04-17 00:00:00,29.575,3.2,8.7,76.08,3.2
2022-04-18 00:00:00,28.885,0,8.2,72.56,3.1
2022-04-19 00:00:00,28.637,0,7.5,76.17,4.2
2022-04-20 00:00:00,28.733,0,7.6,77.09,3.7
2022-04-21 00:00:00,29.175,0,9.8,75.41,3.5
2022-04-22 00:00:00,28.887,0,6.4,75.93,3.6
2022-04-23 00:00:00,28.739,0,8.3,76.64,3.2
2022-04-24 00:00:00,29.658,7.1,6.6,74.5,4.3
2022-04-25 00:00:00,28.864,0,7.7,77.04,3.6
2022-04-26 00:00:00,29.929,4.4,7.4,77.81,4.3
2022-04-27 00:00:00,28.867,0,5.7,79.92,3.8
2022-04-28 00:00:00,29.555,0,7.7,82.22,4.3
2022-04-29 00:00:00,29.074,0,7.4,77.77,3.9
2022-04-30 00:00:00,29.249,0,5.6,80.72,4.1
2022-05-01 00:00:00,28.335,32.6,7.8,85.26,4.1
2022-05-02 00:00:00,28.462,8.1,8.8,80.11,4.1
2022-05-03 00:00:00,29.055,0,8.8,80.2,4
2022-05-04 00:00:00,29.202,0,7.6,82.91,3.8
2022-05-05 00:00:00,28.723,0,7.1,84.54,4.6
2022-05-06 00:00:00,28.206,18.6,8.5,82.36,3.6
2022-05-07 00:00:00,28.069,4.5,8.5,85.44,3.9
2022-05-08 00:00:00,28.095,0,8.1,83.95,3.9
2022-05-09 00:00:00,27.96,0,6.3,83.52,4.1
2022-05-10 00:00:00,28.848,9,7.4,82.36,3.8
2022-05-11 00:00:00,29.169,0,7.3,86.32,4.1
2022-05-12 00:00:00,28.898,0,5.8,79.52,3.9
2022-05-13 00:00:00,28.062,5.1,8.3,74.58,3.4
2022-05-14 00:00:00,28.693,0,9.1,83.21,4
2022-05-15 00:00:00,28.899,17.5,8.2,77.74,3.6
2022-05-16 00:00:00,29.876,0,8.8,78.93,3.4
2022-05-17 00:00:00,28.177,0,7.4,81.83,4
2022-05-18 00:00:00,28.912,0,7.8,74.57,4.2
2022-05-19 00:00:00,29.82,0,8.1,75.59,4.2
2022-05-20 00:00:00,29.277,0,7,75,4.2
2022-05-21 00:00:00,29.244,0,6.7,77.42,3.3
2022-05-22 00:00:00,28.916,0,8.3,81.01,3.5
2022-05-23 00:00:00,28.984,0,8.3,81.84,4.7
2022-05-24 00:00:00,29.183,8.7,6.2,81.9,3.6
2022-05-25 00:00:00,28.59,0,8.3,78.42,4.2
2022-05-26 00:00:00,29.401,0,7.4,76.94,3.8
2022-05-27 00:00:00,28.153,0,7.2,83.62,4
2022-05-28 00:00:00,28.938,22.7,7.3,83.04,3.8
2022-05-29 00:00:00,28.764,0,7.5,86.05,4.2
2022-05-30 00:00:00,28.362,0,6.6,87.26,4
2022-05-31 00:00:00,28.659,0,7.8,86.35,3.8
2022-06-01 00:00:00,28.319,0,6.7,88.3,3.6
2022-06-02 00:00:00,28.152,0,7,87.23,4
2022-06-03 00:00:00,28.441,20.8,5.6,88.12,3.5
2022-06-04 00:00:00,28.209,0,8.6,85.03,4.1
2022-06-05 00:00:00,28.806,0,6.9,86.21,4.8
2022-06-06 00:00:00,28.116,0,7.1,86.91,4.4
2022-06-07 00:00:00,28.908,5.5,4.8,88.13,4.1
2022-06-08 00:00:00,28.173,7,5.8,84.68,3.9
2022-06-09 00:00:00,28.382,0,7.5,86.49,3.2
2022-06-10 00:00:00,28.438,13.6,6.9,84.02,3.4
2022-06-11 00:00:00,29.316,0,4.9,83.89,4.3
2022-06-12 00:00:00,28.798,0,7.4,85.78,3.6
2022-06-13 00:00:00,28.811,14.8,6.6,78.29,3.6
2022-06-14 00:00:00,29.077,0,8.2,79.68,3.7
2022-06-15 00:00:00,9999,0,6.9,78.96,3.4
2022-06-16 00:00:00,28.927,0,7.3,76.69,3.3
2022-06-17 00:00:00,29.695,0,7.8,80.8,3.7
2022-06-18 00:00:00,28.721,15.8,5.6,84.48,3.4
2022-06-19 00:00:00,28.769,12.1,5.7,82.13,3.5
2022-06-20 00:00:00,28.924,0,6.3,83.69,3.4
2022-06-21 00:00:00,28.979,0,6.9,86.39,3.9
2022-06-22 00:00:00,27.63,0,4.9,87.55,3.6
2022-06-23 00:00:00,27.864,0,4.8,84.7,3.6
2022-06-24 00:00:00,28.56,2.7,6.6,88.95,3.8
2022-06-25 00:00:00,28.222,0,5.6,86.51,3.6
2022-06-26 00:00:00,29.183,20.4,5.9,84.9,3.5
2022-06-27 00:00:00,28.397,29.9,4.4,86.19,3.7
2022-06-28 00:00:00,27.716,0,5.6,84.6,3.8
2022-06-29 00:00:00,27.937,0,6,86.63,3.5
2022-06-30 00:00:00,27.2,0,6.7,88.41,3.5
2022-07-01 00:00:00,28.21,15.1,4.8,91.65,3.2
2022-07-02 00:00:00,28.134,0,6.8,94.15,3.2
2022-07-03 00:00:00,28.288,0,5.3,86.46,3.7
2022-07-04 00:00:00,28.802,0,4.9,90.84,3.6
2022-07-05 00:00:00,28.979,0,7.2,87.07,3.6
2022-07-06 00:00:00,28.231,0,5.7,90.56,3.5
2022-07-07 00:00:00,27.405,0,5.2,88.64,3.4
2022-07-08 00:00:00,28.799,12.1,5.9,83.91,3.6
2022-07-09 00:00:00,28.538,8.5,6.7,90.28,3.6
2022-07-10 00:00:00,28.572,0,7.2,85.88,3.6
2022-07-11 00:00:00,28.877,0,5.1,85.48,3.2
2022-07-12 00:00:00,27.967,0,6,83.6,3.7
2022-07-13 00:00:00,29.366,1.3,6,84.15,3.3
2022-07-14 00:00:00,27.939,0,4.8,86.43,3.4
2022-07-15 00:00:00,28.762,0,5.8,84.57,3.3
2022-07-16 00:00:00,27.617,7.6,5.7,85.65,3.3
2022-07-17 00:00:00,27.947,0,6.8,85.64,2.9
2022-07-18 00:00:00,28.951,0,6.6,88.07,3.4
2022-07-19 00:00:00,28.28,0,5.5,84.08,4.1
2022-07-20 00:00:00,28.853,16,5.8,81.53,3
2022-07-21 00:00:00,28.333,0,6,88.29,3.1
2022-07-22 00:00:00,28.273,39.9,5.1,85.29,2.9
2022-07-23 00:00:00,28.776,29.6,5.8,89.47,2.9
2022-07-24 00:00:00,28.086,0,5.3,88.26,3.6
2022-07-25 00:00:00,27.401,0,4.5,87.61,2.8
2022-07-26 00:00:00,27.764,12.7,4.3,89.45,2.8
2022-07-27 00:00:00,28.2,0,6.1,94.07,2.4
2022-07-28 00:00:00,28.087,6.9,4.5,94.94,2.7
2022-07-29 00:00:00,27.35,0,6.5,90.39,2.4
2022-07-30 00:00:00,27.696,0,4.5,91,3.2
2022-07-31 00:00:00,27.658,0,5,93.54,3.9
2022-08-01 00:00:00,27.906,0,7.3,88.87,2.8
2022-08-02 00:00:00,27.336,0,3.9,91.81,2.3
2022-08-03 00:00:00,27.695,0,3.2,90.78,3.2
2022-08-04 00:00:00,27.616,0,6,91.37,2.6
2022-08-05 00:00:00,28.392,0,4.4,88.12,3.3
2022-08-06 00:00:00,28.479,2.6,5.3,85.75,2.8
2022-08-07 00:00:00,28.097,0,4.9,83.98,2.6
2022-08-08 00:00:00,27.911,1.6,5.5,85.76,2.8
2022-08-09 00:00:00,28.102,0,4.3,86.76,3.1
2022-08-10 00:00:00,27.666,1.9,5,86.52,2.7
2022-08-11 00:00:00,27.331,9.4,5.1,91.48,2.6
2022-08-12 00:00:00,27.503,0,4,88.83,2.7
2022-08-13 00:00:00,27.825,2.3,4.8,83.16,2.4
2022-08-14 00:00:00,27.473,17,4.8,86.03,2.9
2022-08-15 00:00:00,28.132,0,4.1,83.85,2.2
2022-08-16 00:00:00,28.369,2,4.9,83.99,2.6
2022-08-17 00:00:00,27.274,18.5,5.3,85.12,3.1
2022-08-18 00:00:00,27.944,0,4.7,86.29,2.9
2022-08-19 00:00:00,27.897,5,5,84.1,3
2022-08-20 00:00:00,28.002,19.3,4.9,87.93,2.8
2022-08-21 00:00:00,28.007,3.3,4.7,82.83,3.2
2022-08-22 00:00:00,27.227,0,5.6,86.19,3.1
2022-08-23 00:00:00,27.054,26.2,5.7,93.21,3
2022-08-24 00:00:00,27.81,36.1,4.4,87.84,3.1
2022-08-25 00:00:00,28.12,0,4.9,91.42,3.1
2022-08-26 00:00:00,26.746,0,4.5,88.6,2.7
2022-08-27 00:00:00,27.825,20.2,4.9,90.3,2.4
2022-08-28 00:00:00,28.233,24.3,6.1,89.1,3
2022-08-29 00:00:00,27.614,0,5.1,89.12,3
2022-08-30 00:00:00,27.964,0,3.2,87.77,3.2
2022-08-31 00:00:00,27.279,0,4.9,90.85,2.5
2022-09-01 00:00:00,27.643,0,5.9,87.57,2.5
2022-09-02 00:00:00,26.828,17.8,4.2,91.15,3
2022-09-03 00:00:00,26.464,0,5.3,91.86,2.9
2022-09-04 00:00:00,28.009,0,3.9,89.61,2.2
2022-09-05 00:00:00,27.204,0,3.4,87.43,3
2022-09-06 00:00:00,27.387,30.8,4.7,88.64,2.3
2022-09-07 00:00:00,27.045,6.2,3.3,86.05,2.6
2022-09-08 00:00:00,26.938,18,4.4,88.44,3.4
2022-09-09 00:00:00,27.748,0,6.4,80.8,3.6
2022-09-10 00:00:00,27.378,9.3,3.3,83.85,2.5
2022-09-11 00:00:00,28.031,0,4.3,79.07,2.9
2022-09-12 00:00:00,28.028,6.7,4.4,79.74,3
2022-09-13 00:00:00,27.723,9999,4.7,86.41,3.6
2022-09-14 00:00:00,27.727,7.4,4.5,84.88,2.9
2022-09-15 00:00:00,28.466,10.2,6.5,80.61,2.9
2022-09-16 00:00:00,27.336,0,6.3,78.54,3.6
2022-09-17 00:00:00,27.906,0,6.2,74.9,3
2022-09-18 00:00:00,28.211,0,5.3,81.1,3.4
2022-09-19 00:00:00,27.99,0,4.8,88.76,2.6
2022-09-20 00:00:00,26.931,1.1,4.1,84.14,3.1
2022-09-21 00:00:00,27.49,49.1,5.9,82.08,2.6
2022-09-22 00:00:00,28.124,0,3.8,85.12,2.8
2022-09-23 00:00:00,27.889,0,6,80.56,3.5
2022-09-24 00:00:00,27.609,0,5.9,84.21,3.2
2022-09-25 00:00:00,27.36,16.3,4.9,85.68,3.1
2022-09-26 00:00:00,27.276,0,4.6,85.63,3
2022-09-27 00:00:00,27.478,0,4.9,88.16,3.2
2022-09-28 00:00:00,27.255,20.8,2,87.28,3.4
2022-09-29 00:00:00,27.305,2.9,4.8,88.22,3.7
2022-09-30 00:00:00,27.468,0,4.7,84.82,2.4
2022-10-01 00:00:00,26.983,0,4.4,88.65,3.1
2022-10-02 00:00:00,27.462,0,4.9,90.21,3.4
2022-10-03 00:00:00,28.765,0,4.9,83.32,3.4
2022-10-04 00:00:00,26.654,0,3.9,83.02,3.6
2022-10-05 00:00:00,27.416,10.9,4.4,87.98,3.5
2022-10-06 00:00:00,27.076,0,5,83.48,3.4
2022-10-07 00:00:00,27.554,5,4.7,86.73,3.3
2022-10-08 00:00:00,27.494,0,5.2,81.34,3.4
2022-10-09 00:00:00,27.667,13.4,5.7,85.32,3.9
2022-10-10 00:00:00,27.986,0,4.1,81.27,3.3
2022-10-11 00:00:00,27.548,0,5.3,80.9,3.5
2022-10-12 00:00:00,27.869,0,6.1,83.55,3.6
2022-10-13 00:00:00,26.482,0,3.8,78.22,4.2
2022-10-14 00:00:00,28.309,0,5.7,76.37,3.5
2022-10-15 00:00:00,27.721,0,4.9,77.32,4
2022-10-16 00:00:00,27.955,0,5,79.43,4.1
2022-10-17 00:00:00,27.091,0,4.9,74.36,3.7
2022-10-18 00:00:00,27.062,0,5.1,79.97,3.6
2022-10-19 00:00:00,27.589,0,7.1,77.25,3.6
2022-10-20 00:00:00,27.35,0,4,81.78,3.6
2022-10-21 00:00:00,27.774,0,4.8,73.32,4.1
2022-10-22 00:00:00,27.971,0,4.3,77.78,3.9
2022-10-23 00:00:00,26.744,0,7.2,76,3.9
2022-10-24 00:00:00,27.879,16.5,5,78.62,3.4
2022-10-25 00:00:00,27.328,6.3,5.1,81.75,3.5
2022-10-26 00:00:00,27.251,0,4.8,81.07,4.6
2022-10-27 00:00:00,26.67,9.5,4.3,81.2,3.8
2022-10-28 00:00:00,27.537,28.3,4.9,81.65,3.6
2022-10-29 00:00:00,26.184,0,7.3,82.65,4.4
2022-10-30 00:00:00,27.663,15.8,6.6,79.6,4
2022-10-31 00:00:00,26.551,0,4.2,83.73,4.1
2022-11-01 00:00:00,27.255,9.4,5.6,83.34,3.9
2022-11-02 00:00:00,27.211,0,4.4,82.23,3.8
2022-11-03 00:00:00,27.79,0,3.6,82.14,3.9
2022-11-04 00:00:00,27.224,23.2,6.2,80.87,3.5
2022-11-05 00:00:00,26.86,6.7,6,84.52,3.9
2022-11-06 00:00:00,27.153,0,6.5,78.46,4.1
2022-11-07 00:00:00,27.997,0,5.2,77.13,4.6
2022-11-08 00:00:00,27.728,6.1,5.7,75.24,4
2022-11-09 00:00:00,27.361,0,6.6,73.79,3.2
2022-11-10 00:00:00,27.469,0,6.4,72.57,3.9
2022-11-11 00:00:00,26.858,0,5.7,72.84,4.9
2022-11-12 00:00:00,27.682,10.9,4.5,74.36,4.3
2022-11-13 00:00:00,26.692,0,6,74.97,3.7
2022-11-14 00:00:00,27.855,18.6,7,73.98,4.2
2022-11-15 00:00:00,27.65,0,5.1,71.79,3.7
2022-11-16 00:00:00,28.52,0,6.4,75.93,3.5
2022-11-17 00:00:00,26.96,17.8,6.2,75.64,3.9
2022-11-18 00:00:00,27.479,0,6.8,73.61,4
2022-11-19 00:00:00,28.365,0,7,72.7,3.3
2022-11-20 00:00:00,27.973,0,5.3,76.1,3.6
2022-11-21 00:00:00,27.139,0,4.5,75.65,4
2022-11-22 00:00:00,27.68,0,5.8,72.04,3.8
2022-11-23 00:00:00,27.442,17,6.8,75.97,4.1
2022-11-24 00:00:00,27.524,8.3,5.4,77.25,3.6
2022-11-25 00:00:00,27.171,15.8,5.5,74.74,4.2
2022-11-26 00:00:00,27.34,0,4.2,77.79,3.6
2022-11-27 00:00:00,26.798,32,7.8,73.91,4.5
2022-11-28 00:00:00,27.331,0,6.3,81.01,3.4
2022-11-29 00:00:00,27.482,0,6.3,80.78,3.6
2022-11-30 00:00:00,27.316,0,6.8,76.89,4.1
2022-12-01 00:00:00,26.649,0,6.4,78.17,4.5
2022-12-02 00:00:00,28.079,0,6.3,70.85,4
2022-12-03 00:00:00,27.709,0,6.2,73.48,4.1
2022-12-04 00:00:00,27.166,0,5.8,75.04,3.9
2022-12-05 00:00:00,27.461,0,8.8,72.43,3.5
2022-12-06 00:00:00,26.785,0,6.6,76.17,3.7
2022-12-07 00:00:00,26.916,0,5.5,78.63,3.4
2022-12-08 00:00:00,27.443,0,7.2,69.95,3.4
2022-12-09 00:00:00,28.237,0,5.8,70.08,4
2022-12-10 00:00:00,27.33,0,7.9,72.09,3.4
2022-12-11 00:00:00,27.811,5.5,5.8,74.95,3.9
2022-12-12 00:00:00,27.55,0,7.5,67.38,3.3
2022-12-13 00:00:00,27.793,0,7.7,70.69,3.9
2022-12-14 00:00:00,27.494,3.5,6.8,74.38,3.6
2022-12-15 00:00:00,28.264,0,7.3,65.58,4.2
2022-12-16 00:00:00,27.603,0,7.2,66.53,3.8
2022-12-17 00:00:00,27.061,13.5,7,68.82,4.1
2022-12-18 00:00:00,27.152,0,6.5,68.84,3.4
2022-12-19 00:00:00,27.412,0,6.3,72.54,3.7
2022-12-20 00:00:00,27.13,0,8.2,71.55,3.3
2022-12-21 00:00:00,28.042,0,7.2,67.01,3.5
2022-12-22 00:00:00,27.436,0,6,73.26,3.5
2022-12-23 00:00:00,28.799,0,6.5,71.05,3.3
2022-12-24 00:00:00,26.776,0,7.5,76.19,3.1
2022-12-25 00:00:00,27.807,0,7.5,71.88,3.1
2022-12-26 00:00:00,27.203,0,7.4,72.24,2.7
2022-12-27 00:00:00,27.384,0,6.4,75.46,3.1
2022-12-28 00:00:00,27.652,0,7.1,76.19,3.7
2022-12-29 00:00:00,26.576,0,6.1,75.45,2.9
2022-12-30 00:00:00,27.927,0,6.9,70.03,3
2022-12-31 00:00:00,28.498,0,7.6,75.38,4
2023-01-01 00:00:00,27.596,0,7.9,71.12,3.2
2023-01-02 00:00:00,27.83,0,6,73.86,3.5
2023-01-03 00:00:00,28.348,0,6.6,69.17,3.6
2023-01-04 00:00:00,27.68,0,7.1,73.23,3.6
2023-01-05 00:00:00,27.634,2.4,8.9,69.44,2.8
2023-01-06 00:00:00,26.947,0,5.8,67.56,3.2
2023-01-07 00:00:00,28.119,0,7.4,71.87,2.7
2023-01-08 00:00:00,27.854,0,6.1,70.03,4.1
2023-01-09 00:00:00,27.555,4.3,7,67.29,2.7
2023-01-10 00:00:00,27.915,0,6.9,71.94,2.8
2023-01-11 00:00:00,27.786,0,7.3,66.79,2.8
2023-01-12 00:00:00,27.791,0,7.2,67.66,2.7
2023-01-13 00:00:00,28.298,18,7.6,68.08,3.6
2023-01-14 00:00:00,27.513,0,7.4,65.81,4
2023-01-15 00:00:00,28.499,0,6.3,68.63,3
2023-01-16 00:00:00,27.491,0,8.5,66.34,2.6
2023-01-17 00:00:00,27.81,6.3,8.5,66.97,2.3
2023-01-18 00:00:00,28.815,0,8.1,71.84,3
2023-01-19 00:00:00,28.661,0,6.5,66.34,2.9
2023-01-20 00:00:00,28.309,0,8.5,63.48,2.8
2023-01-21 00:00:00,27.481,13.9,7.9,74.14,3.1
2023-01-22 00:00:00,27.575,0,6.1,77.09,3.1
2023-01-23 00:00:00,28.097,0,7.6,70.28,3.1
2023-01-24 00:00:00,28.208,0,7.8,66.97,2.9
2023-01-25 00:00:00,28.005,0,9.2,71.49,2.6
2023-01-26 00:00:00,28.03,0,9.3,71.91,3.2
2023-01-27 00:00:00,27.943,0,6,72.39,2.9
2023-01-28 00:00:00,27.479,2,10,70.21,3.2
2023-01-29 00:00:00,27.76,0,6.6,74.43,3.2
2023-01-30 00:00:00,28.427,14.7,8.3,74.16,2.4
2023-01-31 00:00:00,27.598,0,8888,68.86,2.4
2023-02-01 00:00:00,27.962,0,6.6,73.98,2.6
2023-02-02 00:00:00,27.589,0,7.7,76.91,2.5
2023-02-03 00:00:00,28.204,4.2,7.6,71.67,3.1
2023-02-04 00:00:00,28.058,0,8.4,69.81,3
2023-02-05 00:00:00,28.915,0,8.1,69.69,3.2
2023-02-06 00:00:00,28.446,0,8.9,70.98,3
2023-02-07 00:00:00,27.867,0,8.5,64.53,2.9
2023-02-08 00:00:00,28.625,7.2,7.9,68.75,3.2
2023-02-09 00:00:00,28.052,6.8,9.2,66.92,3
2023-02-10 00:00:00,27.97,0,8.3,72.18,2.8
2023-02-11 00:00:00,28.57,0,8.9,66.9,3.3
2023-02-12 00:00:00,28.063,0,7.3,71.4,2.8
2023-02-13 00:00:00,28.941,0,7.6,64.51,2.7
2023-02-14 00:00:00,28.051,0,7.6,68.91,2.5
2023-02-15 00:00:00,28.147,0,7.6,68.53,3
2023-02-16 00:00:00,28.234,0,9.2,65.97,3.2
2023-02-17 00:00:00,28.179,0,9.1,69.1,2.8
2023-02-18 00:00:00,28.831,0,7.8,72.28,3.3
2023-02-19 00:00:00,28.744,0,9.5,69.08,2.1
2023-02-20 00:00:00,29.341,0,9.7,66.34,2.8
2023-02-21 00:00:00,29.435,0,8.3,71.21,2.8
2023-02-22 00:00:00,28.019,0,7.5,69.65,2.6
2023-02-23 00:00:00,28.458,10.1,9.5,71.65,3.7
2023-02-24 00:00:00,27.87,0,7.9,72.83,2.8
2023-02-25 00:00:00,28.19,37.1,8.4,69.21,2.7
2023-02-26 00:00:00,28.251,6,8,69.75,2.9
2023-02-27 00:00:00,27.882,8.5,7,75.2,2.2
2023-02-28 00:00:00,27.983,0,6.7,72.76,2.6
2023-03-01 00:00:00,28.586,0,9.1,67.6,3.2
2023-03-02 00:00:00,27.83,0,7.1,75.8,2.7
2023-03-03 00:00:00,28.825,0,10.7,74.22,2.6
2023-03-04 00:00:00,28.146,0,7.2,71.37,3.4
2023-03-05 00:00:00,29.906,0,7.2,69.41,3.4
2023-03-06 00:00:00,28.281,5.6,8.4,74.28,3.1
2023-03-07 00:00:00,28.591,0,9.5,72.53,2.8
2023-03-08 00:00:00,27.83,0,7.8,77.08,2.9
2023-03-09 00:00:00,29.383,0,8.7,71.67,2.7
2023-03-10 00:00:00,29.151,0,6.6,71.14,2.6
2023-03-11 00:00:00,28.856,0,7.8,69.38,2.6
2023-03-12 00:00:00,28.052,6.5,7.3,71.57,2.8
2023-03-13 00:00:00,28.788,0,6.6,70.94,2.7
2023-03-14 00:00:00,28.148,0,8.3,72.48,2.5
2023-03-15 00:00:00,29.475,0,6.6,68.15,3.1
2023-03-16 00:00:00,29.178,0,7.4,68.6,3.2
2023-03-17 00:00:00,28.86,26.6,8.1,68.86,3.7
2023-03-18 00:00:00,27.606,33.7,7.5,72.51,2.9
2023-03-19 00:00:00,28.19,17.3,8.4,74.86,3.2
2023-03-20 00:00:00,29.102,0,8.7,70.62,3.3
2023-03-21 00:00:00,29.323,7.2,9.1,71.42,3.1
2023-03-22 00:00:00,29.198,0,8.8,74.01,3.5
2023-03-23 00:00:00,28.017,0,9.2,73.35,3.5
2023-03-24 00:00:00,28.751,0,7.8,77.07,3.3
2023-03-25 00:00:00,29.341,0,8.8,69.72,3.2
2023-03-26 00:00:00,28.004,3.3,8.6,73.88,3.2
2023-03-27 00:00:00,28.737,0,8.2,74.48,2.8
2023-03-28 00:00:00,28.996,9.4,8.1,71.02,3
2023-03-29 00:00:00,28.621,0,7.8,74.67,3.1
2023-03-30 00:00:00,27.925,7.3,7.3,74.92,3
2023-03-31 00:00:00,28.561,0,8.3,76.71,3.5
2023-04-01 00:00:00,28.46,0,7.5,9999,3.8
2023-04-02 00:00:00,28.678,0,7.4,76.24,3.1
2023-04-03 00:00:00,28.582,0,7.6,73.95,3.5
2023-04-04 00:00:00,28.576,0,6.9,75.98,3.1
2023-04-05 00:00:00,28.686,17.5,8.7,78.28,3.4
2023-04-06 00:00:00,29.108,0,8.3,72.74,3.3
2023-04-07 00:00:00,28.793,0,7.5,72.42,3.7
2023-04-08 00:00:00,28.642,0,8.7,75.64,3.3
2023-04-09 00:00:00,28.96,0,7.7,73.29,3.9
2023-04-10 00:00:00,27.998,0,6.8,75.14,3.5
2023-04-11 00:00:00,29.152,0,9.1,73.26,3.4
2023-04-12 00:00:00,28.888,0,7.6,74.94,3.2
2023-04-13 00:00:00,29.066,0,8.1,70.61,3.7
2023-04-14 00:00:00,29.394,19.9,8.3,73.32,4
2023-04-15 00:00:00,28.099,4,9.3,73.1,3.8
2023-04-16 00:00:00,28.172,0,8.4,70.99,4.5
2023-04-17 00:00:00,29.204,3.2,7.4,70.64,4.2
2023-04-18 00:00:00,28.867,3,8.4,76.88,3.6
2023-04-19 00:00:00,29.021,4.6,7.6,74.98,3.6
2023-04-20 00:00:00,28.776,0,9.8,74.05,3.9
2023-04-21 00:00:00,29.182,3.2,7.8,77.14,3.5
2023-04-22 00:00:00,29.176,10,5.5,80.98,4.2
2023-04-23 00:00:00,29.253,0,8.5,73.21,3.9
2023-04-24 00:00:00,28.831,0,9.7,75.86,3.9
2023-04-25 00:00:00,27.935,0,9.2,77.92,4.1
2023-04-26 00:00:00,29.009,0,8.8,84.4,4.5
2023-04-27 00:00:00,29.307,0,6.5,81.86,3.9
2023-04-28 00:00:00,29.001,0,8.1,83.36,3.8
2023-04-29 00:00:00,28.482,0,7,78.75,4.4
2023-04-30 00:00:00,29.184,9.2,7.8,78.82,4.2
2023-05-01 00:00:00,29.139,2.1,6.1,82.64,3.8
2023-05-02 00:00:00,29.5,4.4,6.8,81.45,3.9
2023-05-03 00:00:00,28.377,1.9,6.7,82.37,4
2023-05-04 00:00:00,28.752,0,8.3,80.14,4.1
2023-05-05 00:00:00,29.169,27.6,8.1,80.86,3.5
2023-05-06 00:00:00,28.889,4.6,7.7,80.09,3.4
2023-05-07 00:00:00,28.327,0,6.2,81.17,3.7
2023-05-08 00:00:00,29.033,0,7.1,80.8,3.6
2023-05-09 00:00:00,29.336,5.5,7.3,74.34,3.8
2023-05-10 00:00:00,29.184,10.7,8.9,72.46,4.2
2023-05-11 00:00:00,28.969,37.4,8.5,80.37,3.9
2023-05-12 00:00:00,28.744,26.6,8.3,80.73,4.1
2023-05-13 00:00:00,29.721,0,7.2,75.23,3.6
2023-05-14 00:00:00,28.72,0,5.5,73.29,3.8
2023-05-15 00:00:00,28.682,0,5.9,78.47,4.2
2023-05-16 00:00:00,28.866,0,8.6,80.95,4.2
2023-05-17 00:00:00,29.164,0,6.7,83.64,3.7
2023-05-18 00:00:00,28.187,0,6.6,81.05,4.1
2023-05-19 00:00:00,28.325,27.9,8.9,79.52,4.8
2023-05-20 00:00:00,28.019,27.7,8.5,78.96,4
2023-05-21 00:00:00,28.845,0,7.1,81.99,3.7
2023-05-22 00:00:00,28.327,0,6.8,81.98,3.9
2023-05-23 00:00:00,28.694,2.7,7.1,80.94,4
2023-05-24 00:00:00,28.873,15.1,6.6,89.28,3.9
2023-05-25 00:00:00,28.288,37.7,7.9,89.23,4
2023-05-26 00:00:00,28.719,30.6,6.9,88.12,3.5
2023-05-27 00:00:00,28.645,0,7.6,83.37,3.6
2023-05-28 00:00:00,28.916,0,7.5,88.08,3.9
2023-05-29 00:00:00,28.84,0,5.4,87.68,3.9
2023-05-30 00:00:00,28.331,4.9,7.2,87.2,3.7
2023-05-31 00:00:00,28.498,5.7,6.1,89.1,8888
2023-06-01 00:00:00,29.103,0,4.2,87.33,3.9
2023-06-02 00:00:00,28.811,43.1,4.6,87.26,4.2
2023-06-03 00:00:00,28.026,7.1,5.6,86.59,3.9
2023-06-04 00:00:00,28.989,10.2,7.1,85.38,4
2023-06-05 00:00:00,28.406,0,7.2,79.57,3.7
2023-06-06 00:00:00,29.381,0,6.9,83.75,4
2023-06-07 00:00:00,29.275,0,8.6,81.68,4
2023-06-08 00:00:00,29.019,0,5.9,79.45,4.1
2023-06-09 00:00:00,28.708,0,6.4,86.51,4.1
2023-06-10 00:00:00,28.544,0,6.7,86.38,4
2023-06-11 00:00:00,28.976,6.5,5.8,85.32,3.7
2023-06-12 00:00:00,28.596,0,6.7,82.55,3.8
2023-06-13 00:00:00,28.764,0,5,85.4,4.1
2023-06-14 00:00:00,29.154,4.2,8,82.3,3.5
2023-06-15 00:00:00,28.474,0,6,83.15,3.5
2023-06-16 00:00:00,28.541,0,8.7,80.38,3.7
2023-06-17 00:00:00,28.125,1.6,6.4,84.68,3.8
2023-06-18 00:00:00,28.184,0,7.3,84.49,3.4
2023-06-19 00:00:00,27.929,0,6.6,81.79,3.6
2023-06-20 00:00:00,28.939,0,6.3,85.64,3.6
2023-06-21 00:00:00,29.395,0,5.7,86.3,2.8
2023-06-22 00:00:00,29.027,0,5.8,91.68,3.5
2023-06-23 00:00:00,27.704,0,6.1,90.07,3.5
2023-06-24 00:00:00,28.812,0,5.2,88.42,3.5
2023-06-25 00:00:00,29.081,0,5.7,89.47,4
2023-06-26 00:00:00,28.234,22.9,5.3,89.31,3.1
2023-06-27 00:00:00,28.492,0,7.9,88.91,3.2
2023-06-28 00:00:00,27.608,0,5.9,86.8,2.5
2023-06-29 00:00:00,28.544,0,7.2,89.08,3.3
2023-06-30 00:00:00,,20.7,5.7,87.42,3.3
2023-07-01 00:00:00,28.609,0,6.3,85.87,3.2
2023-07-02 00:00:00,27.668,0,4.5,89.88,3.7
2023-07-03 00:00:00,28.633,1,5.3,89.12,3.6
2023-07-04 00:00:00,29.049,0,6.4,83.15,3.3
2023-07-05 00:00:00,28.1,0,7.3,86.75,3.2
2023-07-06 00:00:00,27.853,4.8,5.9,88.99,3.6
2023-07-07 00:00:00,27.398,7.5,6.9,88.62,3.2
2023-07-08 00:00:00,28.259,0,6.3,88.06,2.9
2023-07-09 00:00:00,28.207,0,7.4,85.18,2.6
2023-07-10 00:00:00,27.849,81.4,6.1,82.66,3
2023-07-11 00:00:00,28.769,0,8.3,81.87,3.4
2023-07-12 00:00:00,28.23,0,5.4,85.36,4
2023-07-13 00:00:00,27.933,30.7,5.1,85.5,3.2
2023-07-14 00:00:00,28.071,0,4.5,87.95,2.9
2023-07-15 00:00:00,28.798,0,7.7,87.78,2.7
2023-07-16 00:00:00,28.669,0,6.5,85.11,3.3
2023-07-17 00:00:00,28.408,0,5.7,82.84,2.4
2023-07-18 00:00:00,28.633,0,6.8,85.73,3.2
2023-07-19 00:00:00,27.751,9.1,6.1,87.7,3.3
2023-07-20 00:00:00,28.29,1.2,7.3,87.31,3.2
2023-07-21 00:00:00,28.34,5.6,4.1,87.02,2.9
2023-07-22 00:00:00,27.956,0,5,89.72,3.2
2023-07-23 00:00:00,28.398,0,4.9,88.4,3
2023-07-24 00:00:00,27.833,0,3.5,88.58,2.7
2023-07-25 00:00:00,28.306,2.1,6,91.31,3.6
2023-07-26 00:00:00,28.365,88.9,4.9,89.8,2.8
2023-07-27 00:00:00,26.73,0,5.7,91.56,3.2
2023-07-28 00:00:00,28.563,0,7.1,91.65,2.1
2023-07-29 00:00:00,26.771,15.1,5,87.99,3.3
2023-07-30 00:00:00,27.804,84.5,4.8,89.39,3.4
2023-07-31 00:00:00,28.375,11.2,4.8,93.82,2.9
2023-08-01 00:00:00,28.002,0,6.2,86.86,3.1
2023-08-02 00:00:00,27.574,2.7,5.1,83.93,3
2023-08-03 00:00:00,27.728,0,5,83.96,2.6
2023-08-04 00:00:00,28.525,0,6.1,88.06,3
2023-08-05 00:00:00,27.208,12.8,5.5,87.43,2.5
2023-08-06 00:00:00,28.601,0,3.4,86.45,2.6
2023-08-07 00:00:00,27.958,4.2,3.9,89.22,3.2
2023-08-08 00:00:00,27.79,0,7.3,79.02,3.2
2023-08-09 00:00:00,27.796,0,5.6,86.3,2.6
2023-08-10 00:00:00,27.495,6.4,4.3,88.94,2.5
2023-08-11 00:00:00,28.57,50.3,5.4,82.06,2.6
2023-08-12 00:00:00,28.432,0,5.4,83.9,3.1
2023-08-13 00:00:00,27.344,0,6.1,83.07,2.5
2023-08-14 00:00:00,27.927,18.5,4.2,82.94,2.9
2023-08-15 00:00:00,27.645,19.4,4.5,84.69,3.1
2023-08-16 00:00:00,28.434,6.3,5.1,89.5,2.8
2023-08-17 00:00:00,27.177,0,4.6,91.03,3.2
2023-08-18 00:00:00,28.664,0,5.6,86.15,2.7
2023-08-19 00:00:00,27.697,0,3.4,92.33,2.7
2023-08-20 00:00:00,27.318,10.7,5.2,88.23,2.5
2023-08-21 00:00:00,27.353,0,5.4,93.07,3.2
2023-08-22 00:00:00,27.428,0,5.2,88.94,2.6
2023-08-23 00:00:00,27.168,2.4,4.8,89.91,3
2023-08-24 00:00:00,27.739,11.5,4.5,90.81,2.8
2023-08-25 00:00:00,26.878,12.6,3.2,98,2.5
2023-08-26 00:00:00,26.636,0,4.4,92.28,2.6
2023-08-27 00:00:00,27.571,0,5.9,88.32,3.3
2023-08-28 00:00:00,26.777,0,4.3,92.31,2.9
2023-08-29 00:00:00,27.364,0,3.9,88.66,2.5
2023-08-30 00:00:00,27.307,5.9,4.3,87.89,3
2023-08-31 00:00:00,27.207,26.7,4.7,90.85,2.9
2023-09-01 00:00:00,28.584,8.6,4.4,88.03,4.1
2023-09-02 00:00:00,27.697,0,5.2,87.98,3
2023-09-03 00:00:00,27.817,0,5.3,86.61,2.8
2023-09-04 00:00:00,26.89,11.8,5.6,86.71,3.5
2023-09-05 00:00:00,27.398,15.6,6.1,86.24,2.3
2023-09-06 00:00:00,28.005,0,6.3,79.71,3
2023-09-07 00:00:00,27.225,0,4,85.66,3.7
2023-09-08 00:00:00,28.242,0,4.5,81.07,3
2023-09-09 00:00:00,27.332,3.4,5.3,79.57,2.4
2023-09-10 00:00:00,27.618,0,4.7,82.8,2.9
2023-09-11 00:00:00,27.461,0,4,83.06,3.6
2023-09-12 00:00:00,27.853,0,4.8,81.15,3.2
2023-09-13 00:00:00,27.339,0,4.4,85.11,2.8
2023-09-14 00:00:00,27.674,0,4.7,79.94,2.9
2023-09-15 00:00:00,27.582,0,4.8,82.63,2.9
2023-09-16 00:00:00,27.346,0,6.1,82.62,3.3
2023-09-17 00:00:00,27.818,0,5.1,84.45,3.6
2023-09-18 00:00:00,27.648,0,7,85.78,3.6
2023-09-19 00:00:00,27.584,0,5.2,83.07,3.4
2023-09-20 00:00:00,27.249,0,4.3,87.88,2.8
2023-09-21 00:00:00,27.832,6.7,4.7,86.65,2.8
2023-09-22 00:00:00,27.515,10.6,5.3,82.11,3.5
2023-09-23 00:00:00,27.468,,5.5,82.19,2.8
2023-09-24 00:00:00,27.467,0,6.5,87.19,3.2
2023-09-25 00:00:00,28.19,0,3.9,86.67,3.4
2023-09-26 00:00:00,26.806,0,5.4,86.84,3
2023-09-27 00:00:00,27.747,0,4.8,86.77,3
2023-09-28 00:00:00,26.528,0,3.2,87.02,3.4
2023-09-29 00:00:00,27.421,4.9,5.2,88.32,3.6
2023-09-30 00:00:00,28.223,23.2,6.1,82.58,3.8
2023-10-01 00:00:00,27.752,0,4.3,81.75,3.7
2023-10-02 00:00:00,27.617,7.3,5.1,81.21,3.5
2023-10-03 00:00:00,27.183,0,3.3,83.91,3.2
2023-10-04 00:00:00,27.382,0,3.6,85.54,3.1
2023-10-05 00:00:00,27.417,0,6.1,80.61,3.4
2023-10-06 00:00:00,27.372,5.9,5.3,74.75,3.7
2023-10-07 00:00:00,27.537,0,4.6,76.14,3.7
2023-10-08 00:00:00,27.689,8.7,5.6,77.81,2.9
2023-10-09 00:00:00,27.235,0,4.9,78.1,3.3
2023-10-10 00:00:00,27.204,4.6,5,78.19,4.1
2023-10-11 00:00:00,26.912,0,6,79.17,3.7
2023-10-12 00:00:00,27.722,0,4.3,78.28,3.2
2023-10-13 00:00:00,27.66,6.4,4.2,81.79,4.5
2023-10-14 00:00:00,27.654,13.5,5.6,77.69,3.7
2023-10-15 00:00:00,27.98,0,6.3,77.55,3.9
2023-10-16 00:00:00,27.446,14.1,6.2,81.29,3.9
2023-10-17 00:00:00,27.736,16.4,4.9,76.7,3.6
2023-10-18 00:00:00,27.503,0,5.9,81.99,3.5
2023-10-19 00:00:00,27.327,0,4.4,81.74,4.5
2023-10-20 00:00:00,27.128,0,6.8,81.56,4.2
2023-10-21 00:00:00,28.19,0,3.7,86.29,4.1
2023-10-22 00:00:00,27.166,0,6.4,81.08,4
2023-10-23 00:00:00,26.821,0,4,88,3.5
2023-10-24 00:00:00,27.505,0,6.9,82.39,4.3
2023-10-25 00:00:00,27.51,0,5.8,79.74,3.6
2023-10-26 00:00:00,26.646,21.4,4.1,82.95,4
2023-10-27 00:00:00,27.888,0,4.8,79.8,3.3
2023-10-28 00:00:00,27.32,78.4,6,80.2,3.2
2023-10-29 00:00:00,26.775,12,6,82.55,4
2023-10-30 00:00:00,27.812,0,5,82.33,3.7
2023-10-31 00:00:00,27.681,10.1,5.5,78.68,3.3
2023-11-01 00:00:00,26.711,0,5.8,81.96,4.1
2023-11-02 00:00:00,28.088,8.5,,81.6,4.7
2023-11-03 00:00:00,27.583,0,4,81.52,4.5
2023-11-04 00:00:00,27.384,0,4.8,78.5,3.9
2023-11-05 00:00:00,28.051,0,5.6,79.89,4
2023-11-06 00:00:00,27.709,31,7.3,71.16,4.3
2023-11-07 00:00:00,27.503,11.1,7.3,74.55,4.4
2023-11-08 00:00:00,27.277,0,6.7,72.76,3.9
2023-11-09 00:00:00,27.757,0,6.1,74.95,4
2023-11-10 00:00:00,27.773,0,6.7,73.07,4.1
2023-11-11 00:00:00,27.527,0,5.4,74.06,4.2
2023-11-12 00:00:00,26.98,18.4,5.4,79.28,4
2023-11-13 00:00:00,27.564,0,5.2,74.37,4
2023-11-14 00:00:00,27.41,0,4.7,76.14,4.5
2023-11-15 00:00:00,26.883,22.8,6.2,74.92,4.4
2023-11-16 00:00:00,26.776,0,6,76.14,4.2
2023-11-17 00:00:00,27.681,37.8,6.4,76.44,4.6
2023-11-18 00:00:00,26.2,0,6.2,78.02,3.9
2023-11-19 00:00:00,27.384,0,5.7,80.26,4.6
2023-11-20 00:00:00,27.02,0,5.9,81.86,4.2
2023-11-21 00:00:00,27.929,0,5.6,78.84,5.1
2023-11-22 00:00:00,27.086,9.9,6,79.76,3.5
2023-11-23 00:00:00,27.754,0,5.3,75.53,3.7
2023-11-24 00:00:00,27.186,0,6.1,78.17,4.1
2023-11-25 00:00:00,27.332,0,6.2,80.6,4.1
2023-11-26 00:00:00,27.629,0,5,80.14,4.6
2023-11-27 00:00:00,27.162,0,5.9,78.11,3.7
2023-11-28 00:00:00,27.778,0,5.2,79.29,4.2
2023-11-29 00:00:00,26.94,0,5.4,77.7,4.3
2023-11-30 00:00:00,27.483,0,4.8,78.8,4.1
2023-12-01 00:00:00,27.873,0,7.2,75.79,3.5
2023-12-02 00:00:00,27.841,0,7.3,73.42,4.4
2023-12-03 00:00:00,28.374,0,6.7,74.39,4.3
2023-12-04 00:00:00,27.483,55.4,8.8,65.5,4
2023-12-05 00:00:00,26.942,0,6.2,73.11,3.9
2023-12-06 00:00:00,27.492,0,10.1,62.44,3.9
2023-12-07 00:00:00,28.089,0,6.8,66.76,3.8
2023-12-08 00:00:00,27.843,4.6,6.8,71.82,4
2023-12-09 00:00:00,27.675,0.8,6.2,71.63,3.8
2023-12-10 00:00:00,27.276,0,7.3,67.41,3.4
2023-12-11 00:00:00,28.091,0,7.7,68.55,3.4
2023-12-12 00:00:00,27.012,0,6.4,73.89,3.4
2023-12-13 00:00:00,28.243,0,8.5,69.51,3.8
2023-12-14 00:00:00,28.762,0,6.5,76.68,3.7
2023-12-15 00:00:00,27.827,0,7,71.5,3.7
2023-12-16 00:00:00,27.877,0,5.8,73.01,3.8
2023-12-17 00:00:00,27.275,0,6.7,76.55,3.4
2023-12-18 00:00:00,26.8,0,6.5,73.35,4.1
2023-12-19 00:00:00,27.432,19.4,6.3,71.01,3.5
2023-12-20 00:00:00,27.124,0,5.9,73.68,3.4
2023-12-21 00:00:00,26.952,0,9,74.23,3.7
2023-12-22 00:00:00,28.492,3.7,6.7,71.18,2.9
2023-12-23 00:00:00,27.744,0,5.3,74.11,3.2
2023-12-24 00:00:00,27.841,0,6.1,72.93,3.8
2023-12-25 00:00:00,27.395,11.7,6.4,77.01,2.8
2023-12-26 00:00:00,27.55,0,7.2,74.56,3.8
2023-12-27 00:00:00,28.109,2.1,7.3,73.42,3.9
2023-12-28 00:00:00,27.669,4.5,7.4,73.41,3.2
2023-12-29 00:00:00,27.921,0,6.2,73.69,3.5
2023-12-30 00:00:00,27.59,8.3,7.1,74.05,3.7
2023-12-31 00:00:00,27.698,11.3,6.5,69.33,3.2
2024-01-01 00:00:00,27.255,0,6.8,68.53,3.6
2024-01-02 00:00:00,26.844,7,6.1,73.19,3
2024-01-03 00:00:00,27.782,0,6.3,68.73,3.1
2024-01-04 00:00:00,28.043,44.8,8.6,65.61,3
2024-01-05 00:00:00,27.305,17.4,7.9,69.73,3.3
2024-01-06 00:00:00,27.891,0,8.2,,3.6
2024-01-07 00:00:00,28.126,10.5,7.9,64.04,3.1
2024-01-08 00:00:00,26.994,0,8.2,68.25,2.7
2024-01-09 00:00:00,27.52,6.4,5.8,69.46,2.8
2024-01-10 00:00:00,28.155,0,8.3,68.63,3.3
2024-01-11 00:00:00,28.126,0,7.6,69.48,3.7
2024-01-12 00:00:00,27.611,0,8.5,64.71,3.2
2024-01-13 00:00:00,28.045,9.6,7.8,69.47,2.9
2024-01-14 00:00:00,28.483,0,6.7,68.38,3.3
2024-01-15 00:00:00,28.38,0,6.3,68.48,2.9
2024-01-16 00:00:00,27.86,0,6.6,72.45,2.9
2024-01-17 00:00:00,27.63,0,7.6,74.56,2.7
2024-01-18 00:00:00,27.521,9.1,7.6,75.91,3.5
2024-01-19 00:00:00,28.05,8.3,5.9,75.22,2.1
2024-01-20 00:00:00,28.049,0,6.5,72.1,3.2
2024-01-21 00:00:00,28.204,0,6.6,73.6,2.8
2024-01-22 00:00:00,27.947,0,6.9,74.86,2.8
2024-01-23 00:00:00,28.321,0,6.1,73.36,3.5
2024-01-24 00:00:00,28.007,0,6.1,73.37,2.7
2024-01-25 00:00:00,28.275,5.1,6.5,74.95,2.7
2024-01-26 00:00:00,28.412,0,7.6,72.48,2.8
2024-01-27 00:00:00,27.743,0,6.6,70.42,3
2024-01-28 00:00:00,27.293,0,7.6,70.74,2.7
2024-01-29 00:00:00,28.741,0,8.5,72.81,2.3
2024-01-30 00:00:00,28.251,0,6.6,70.63,2.5
2024-01-31 00:00:00,27.369,0,7.5,70.85,3.3
2024-02-01 00:00:00,27.825,0,8.7,71.05,2.9
2024-02-02 00:00:00,28.619,0,7.7,67.85,3
2024-02-03 00:00:00,28.079,0,7.3,70.14,2.7
2024-02-04 00:00:00,28.036,0,9,68.75,2.6
2024-02-05 00:00:00,29.064,5.8,8.1,64.36,3.4
2024-02-06 00:00:00,27.75,0,8.8,70.81,2.7
2024-02-07 00:00:00,28.049,0,8.7,65.84,2.6
2024-02-08 00:00:00,28.617,0,8.3,62.98,3.2
2024-02-09 00:00:00,28.652,4.6,8.9,64.66,2.5
2024-02-10 00:00:00,28.701,0,8.7,65,2.6
2024-02-11 00:00:00,28.794,0,9.1,68.08,2.8
2024-02-12 00:00:00,28.498,0,7.7,67.76,2.8
2024-02-13 00:00:00,28.628,10.9,8.2,68.18,2.9
2024-02-14 00:00:00,28.198,0,7.9,71.21,3.5
2024-02-15 00:00:00,28.358,0,8.6,71.17,2.9
2024-02-16 00:00:00,28.371,0,7,71.78,2
2024-02-17 00:00:00,28.402,13.1,8.8,72.65,2.9
2024-02-18 00:00:00,28.628,0,8.2,73.76,2.8
2024-02-19 00:00:00,28.764,0,7.2,67.46,2.8
2024-02-20 00:00:00,28.381,0,9,72.24,2.9
2024-02-21 00:00:00,28.159,32.6,10.4,68.01,2.8
2024-02-22 00:00:00,28.367,0,8.7,73.74,2.8
2024-02-23 00:00:00,28.339,29.6,9.1,73.7,3.1
2024-02-24 00:00:00,28.363,13.9,7.7,76.26,2.7
2024-02-25 00:00:00,29.277,12.5,6.1,76.42,
2024-02-26 00:00:00,28.158,0,6.2,73.66,3.9
2024-02-27 00:00:00,28.673,0,8.3,71.51,2.7
2024-02-28 00:00:00,28.908,0,7.4,73.5,2.9
2024-02-29 00:00:00,28.592,0,7.4,70.44,2.4
2024-03-01 00:00:00,29.586,0,8.1,71.21,3
2024-03-02 00:00:00,28.31,0,8.6,73.14,2.6
2024-03-03 00:00:00,28.793,0,7.1,68.76,2.8
2024-03-04 00:00:00,28.198,0,7.8,71.71,3.3
2024-03-05 00:00:00,28.437,0,9.6,71.01,3.2
2024-03-06 00:00:00,28.874,0,7.7,66.65,3.2
2024-03-07 00:00:00,28.993,0,9,71.3,2.4
2024-03-08 00:00:00,28.794,0,7.9,70.58,3.7
2024-03-09 00:00:00,29.279,0,8.9,69.18,2.6
2024-03-10 00:00:00,28.751,0,9.6,67.25,3.6
2024-03-11 00:00:00,28.653,0,9.3,67.36,3.5
2024-03-12 00:00:00,29.988,0,9.3,68.63,3.3
2024-03-13 00:00:00,28.847,0,7.2,71.9,2.8
2024-03-14 00:00:00,28.467,0,9.5,68.8,3.2
2024-03-15 00:00:00,28.345,0,7.4,72.99,3
2024-03-16 00:00:00,28.367,0,8.7,69.52,3.2
2024-03-17 00:00:00,29.108,9.3,8.4,72.85,3.1
2024-03-18 00:00:00,28.483,0,8.5,74.34,2.5
2024-03-19 00:00:00,28.489,0,7.8,80.84,3.6
2024-03-20 00:00:00,28.73,0,7.5,71.86,3.2
2024-03-21 00:00:00,28.833,0,6.4,79.47,3.1
2024-03-22 00:00:00,28.238,0,8.7,76.54,3.1
2024-03-23 00:00:00,28.115,0,8,77.45,3.5
2024-03-24 00:00:00,28.733,0,8.9,76.84,3
2024-03-25 00:00:00,28.886,0,7.8,77.65,2.6
2024-03-26 00:00:00,28.833,0,6.7,76.02,3.5
2024-03-27 00:00:00,28.199,0,8.5,79.8,3.6
2024-03-28 00:00:00,29.058,0,7.7,74.69,3.4
2024-03-29 00:00:00,28.305,9.4,8.1,78.24,3.1
2024-03-30 00:00:00,28.588,0,7.6,73.34,3.5
2024-03-31 00:00:00,28.374,2.7,9.6,74.31,3
2024-04-01 00:00:00,29.501,0,7.6,71.29,3.2
2024-04-02 00:00:00,29.094,0,7.8,74.65,3.3
2024-04-03 00:00:00,29.019,0,8,76.71,3.9
2024-04-04 00:00:00,29.463,0,7.3,72.58,3.5
2024-04-05 00:00:00,30.196,0,8.6,72.05,3.4
2024-04-06 00:00:00,28.255,26.4,10,69.64,4.3
2024-04-07 00:00:00,28.624,0,7.9,71.87,3.8
2024-04-08 00:00:00,28.803,0,9,68.6,3.8
2024-04-09 00:00:00,28.637,9.5,6,70.58,3.6
2024-04-10 00:00:00,28.431,1.2,8.1,73.82,3.5
2024-04-11 00:00:00,28.676,0,7.6,77.07,3
2024-04-12 00:00:00,28.121,0.9,6.8,81.41,4.1
2024-04-13 00:00:00,29.101,0,9.2,73.61,3.9
2024-04-14 00:00:00,28.779,9.1,7.4,79.41,3.7
2024-04-15 00:00:00,29.057,16.3,7.7,77.2,3.7
2024-04-16 00:00:00,29.085,0,7.5,76.99,4.1
2024-04-17 00:00:00,29.058,18.8,6,79.19,3.3
2024-04-18 00:00:00,28.635,4.1,6.7,78.96,3.6
2024-04-19 00:00:00,29.739,0,8.5,79.7,3.4
2024-04-20 00:00:00,28.925,0,5.8,78.92,4.5
2024-04-21 00:00:00,28.06,0,7.2,76.86,4.2
2024-04-22 00:00:00,28.457,1.6,7.5,76.77,3.1
2024-04-23 00:00:00,27.934,0,8.9,82.42,3.4
2024-04-24 00:00:00,28.812,0,8.3,80.12,3.9
2024-04-25 00:00:00,28.787,0,7.1,79.22,3.8
2024-04-26 00:00:00,28.592,0,8.7,80.52,3.5
2024-04-27 00:00:00,29.656,0,6.7,82.17,4.6
2024-04-28 00:00:00,29.071,60.7,8.4,80.25,4.1
2024-04-29 00:00:00,29.245,0,6.5,77.71,4.1
2024-04-30 00:00:00,28.356,0,8.3,81.95,3.7
